{
  "hash": "6f808cea",
  "configHash": "4934c13e",
  "lockfileHash": "de1ed052",
  "browserHash": "1c297258",
  "optimized": {
    "@angular/core": {
      "src": "../../../../../node_modules/@angular/core/fesm2022/core.mjs",
      "file": "@angular_core.js",
      "fileHash": "a091340d",
      "needsInterop": false
    },
    "@angular/forms": {
      "src": "../../../../../node_modules/@angular/forms/fesm2022/forms.mjs",
      "file": "@angular_forms.js",
      "fileHash": "dab77abb",
      "needsInterop": false
    },
    "@angular/material/button": {
      "src": "../../../../../node_modules/@angular/material/fesm2022/button.mjs",
      "file": "@angular_material_button.js",
      "fileHash": "c882a2d6",
      "needsInterop": false
    },
    "@angular/material/form-field": {
      "src": "../../../../../node_modules/@angular/material/fesm2022/form-field.mjs",
      "file": "@angular_material_form-field.js",
      "fileHash": "364dbfa5",
      "needsInterop": false
    },
    "@angular/material/input": {
      "src": "../../../../../node_modules/@angular/material/fesm2022/input.mjs",
      "file": "@angular_material_input.js",
      "fileHash": "02792a1b",
      "needsInterop": false
    },
    "@angular/material/list": {
      "src": "../../../../../node_modules/@angular/material/fesm2022/list.mjs",
      "file": "@angular_material_list.js",
      "fileHash": "092c9f3d",
      "needsInterop": false
    },
    "@angular/material/sidenav": {
      "src": "../../../../../node_modules/@angular/material/fesm2022/sidenav.mjs",
      "file": "@angular_material_sidenav.js",
      "fileHash": "a9a2f0f1",
      "needsInterop": false
    },
    "@angular/platform-browser": {
      "src": "../../../../../node_modules/@angular/platform-browser/fesm2022/platform-browser.mjs",
      "file": "@angular_platform-browser.js",
      "fileHash": "fd2e72a7",
      "needsInterop": false
    },
    "@angular/platform-browser/animations/async": {
      "src": "../../../../../node_modules/@angular/platform-browser/fesm2022/animations/async.mjs",
      "file": "@angular_platform-browser_animations_async.js",
      "fileHash": "5da7928e",
      "needsInterop": false
    },
    "@angular/router": {
      "src": "../../../../../node_modules/@angular/router/fesm2022/router.mjs",
      "file": "@angular_router.js",
      "fileHash": "cfe91075",
      "needsInterop": false
    },
    "@angular/material/toolbar": {
      "src": "../../../../../node_modules/@angular/material/fesm2022/toolbar.mjs",
      "file": "@angular_material_toolbar.js",
      "fileHash": "d7cbde92",
      "needsInterop": false
    },
    "@angular/material/icon": {
      "src": "../../../../../node_modules/@angular/material/fesm2022/icon.mjs",
      "file": "@angular_material_icon.js",
      "fileHash": "98823e14",
      "needsInterop": false
    },
    "@angular/material/card": {
      "src": "../../../../../node_modules/@angular/material/fesm2022/card.mjs",
      "file": "@angular_material_card.js",
      "fileHash": "12c9c62a",
      "needsInterop": false
    },
    "@angular/common/http": {
      "src": "../../../../../node_modules/@angular/common/fesm2022/http.mjs",
      "file": "@angular_common_http.js",
      "fileHash": "e3fd55c8",
      "needsInterop": false
    }
  },
  "chunks": {
    "browser-NIOS53TD": {
      "file": "browser-NIOS53TD.js"
    },
    "chunk-DJJFRTCX": {
      "file": "chunk-DJJFRTCX.js"
    },
    "chunk-LVJT2QNJ": {
      "file": "chunk-LVJT2QNJ.js"
    },
    "chunk-HFUHLUOU": {
      "file": "chunk-HFUHLUOU.js"
    },
    "chunk-N426O3VD": {
      "file": "chunk-N426O3VD.js"
    },
    "chunk-WHZ3FJ4C": {
      "file": "chunk-WHZ3FJ4C.js"
    },
    "chunk-Q3HAOC23": {
      "file": "chunk-Q3HAOC23.js"
    },
    "chunk-GCT74BU2": {
      "file": "chunk-GCT74BU2.js"
    },
    "chunk-X3B7EEHF": {
      "file": "chunk-X3B7EEHF.js"
    },
    "chunk-7GG2KTJZ": {
      "file": "chunk-7GG2KTJZ.js"
    }
  }
}